StartDate,EndDate,Status,IPAddress,Progress,Duration (in seconds),Finished,RecordedDate,ResponseId,RecipientLastName,RecipientFirstName,RecipientEmail,ExternalReference,LocationLatitude,LocationLongitude,DistributionChannel,UserLanguage,consent,id,att_1,att_2,pretest_1,comp,gender,gender_4_TEXT,ethnicity,ethnicity_6_TEXT,age,education,education_8_TEXT,license,dr_history_1,PROLIFIC_PID
1/14/24 11:04,1/14/24 11:06,0,24.125.190.72,100,109,1,1/14/24 11:06,R_3d3LbIINd8WImT9,,,,,33.7667,-84.3363,anonymous,EN,1,5ee439c93a506312d0fa6121,4,2,1,2,1,,1,,29,5,,1,11,5ee439c93a506312d0fa6121
1/14/24 11:04,1/14/24 11:06,0,107.127.39.21,100,165,1,1/14/24 11:06,R_5V4muzfLhfztd8R,,,,,29.6925,-95.363,anonymous,EN,1,5edaf0abba14031b7899eb3f,4,1,1,2,2,,3,,35,5,,1,16,5edaf0abba14031b7899eb3f
1/14/24 11:07,1/14/24 11:09,0,98.190.99.89,100,133,1,1/14/24 11:09,R_5eb35i37qZYDeYA,,,,,35.3274,-97.5556,anonymous,EN,1,611f1383fb7a16577ead3e96,4,1,1,2,2,,3,,27,4,,1,11,611f1383fb7a16577ead3e96
1/14/24 11:08,1/14/24 11:09,0,172.56.177.225,100,91,1,1/14/24 11:09,R_6ANjT2ulUDJ7W8M,,,,,34.0772,-117.4506,anonymous,EN,1,652d491cb5dd1a3f7a4fce0f,4,1,2,2,2,,3,,42,3,,1,7,652d491cb5dd1a3f7a4fce0f
1/14/24 11:08,1/14/24 11:09,0,73.144.160.85,100,108,1,1/14/24 11:09,R_7WBYUceERU1Rto1,,,,,42.4263,-82.9014,anonymous,EN,1,6595ae27ca053a89f8ac445a,4,1,1,2,2,,2,,49,4,,1,34,6595ae27ca053a89f8ac445a
1/14/24 11:07,1/14/24 11:10,0,76.246.76.170,100,200,1,1/14/24 11:10,R_1oqIaa3XKWFq9AB,,,,,34.2337,-118.2536,anonymous,EN,1,641646e3ee08586cd0730ace,4,1,1,2,1,,3,,39,3,,1,21,641646e3ee08586cd0730ace
1/14/24 11:08,1/14/24 11:10,0,169.231.172.51,100,126,1,1/14/24 11:10,R_5pXqyc7Fy59zves,,,,,34.4265,-119.8631,anonymous,EN,1,601c7efe9dce2d7c66be3837,4,1,1,2,1,,2,,22,3,,1,5,601c7efe9dce2d7c66be3837
1/14/24 11:11,1/14/24 11:12,0,160.39.48.78,100,84,1,1/14/24 11:12,R_17D4GXkRyvMRkwP,,,,,40.8,-73.9763,anonymous,EN,1,65803c515b8f7aebee5d9b4d,4,1,1,2,1,,2,,27,6,,1,12,65803c515b8f7aebee5d9b4d
1/14/24 11:11,1/14/24 11:13,0,23.243.244.73,100,82,1,1/14/24 11:13,R_64tJhRhrQ1d0XyF,,,,,34.1851,-118.7706,anonymous,EN,1,61001aa5dc45134655622784,4,1,2,2,2,,3,,30,4,,1,17,61001aa5dc45134655622784
1/14/24 11:11,1/14/24 11:13,0,174.234.146.138,100,132,1,1/14/24 11:13,R_7ocM9omZeQRh0wv,,,,,44.9427,-93.2871,anonymous,EN,1,5d6420263e95f50001053ce4,4,1,1,2,2,,3,,34,4,,1,16,5d6420263e95f50001053ce4
1/14/24 11:11,1/14/24 11:14,0,76.122.210.79,100,168,1,1/14/24 11:14,R_6L6u8jSul2L7tOV,,,,,37.0701,-88.6769,anonymous,EN,1,57a60657ad1a6c0001468cd1,4,1,1,2,1,,3,,47,3,,1,30,57a60657ad1a6c0001468cd1
1/14/24 11:12,1/14/24 11:14,0,74.135.139.62,100,128,1,1/14/24 11:14,R_6I9UyWCKWbGajbQ,,,,,44.4371,-88.0795,anonymous,EN,1,610afc1477625382997f7d64,4,1,1,2,2,,3,,23,3,,2,0,610afc1477625382997f7d64
1/14/24 11:12,1/14/24 11:14,0,70.121.25.35,100,101,1,1/14/24 11:14,R_7sTiCo4Y3vGuOOd,,,,,33.1371,-96.7488,anonymous,EN,1,62dd47968d609bcb40a8f5ee,4,1,1,2,2,,3,,55,2,,1,39,62dd47968d609bcb40a8f5ee
1/14/24 11:12,1/14/24 11:14,0,45.47.43.249,100,120,1,1/14/24 11:14,R_5zcfwQnzF44N1Dk,,,,,43.1493,-76.2221,anonymous,EN,1,5ea4c85a360fe448ea95349d,4,1,1,2,2,,3,,52,5,,1,37,5ea4c85a360fe448ea95349d
1/14/24 11:13,1/14/24 11:14,0,68.225.171.246,100,90,1,1/14/24 11:14,R_696bjiXpur9AgxY,,,,,41.2884,-95.9972,anonymous,EN,1,6595a7f179175c90e3230444,4,2,2,2,2,,4,,21,1,,2,10,6595a7f179175c90e3230444
1/14/24 11:13,1/14/24 11:14,0,108.201.0.117,100,75,1,1/14/24 11:14,R_3wtbRS5VhSR6CNK,,,,,32.7147,-79.9526,anonymous,EN,1,5b7c76916a33e800018552f6,4,1,1,2,2,,3,,52,4,,1,34,5b7c76916a33e800018552f6
1/14/24 11:13,1/14/24 11:15,0,74.71.166.38,100,97,1,1/14/24 11:15,R_6OB1ZK6xC2lPPyz,,,,,40.8004,-73.9504,anonymous,EN,1,60ff598e375de2052d66c59e,4,1,1,2,1,,3,,24,4,,1,9,60ff598e375de2052d66c59e
1/14/24 11:13,1/14/24 11:15,0,76.22.97.75,100,114,1,1/14/24 11:15,R_7bFmTiKsFsuWWEp,,,,,47.2,-122.3153,anonymous,EN,1,5dd0840cf83c9f1603dcf0e8,4,1,1,2,1,,3,,24,4,,2,0,5dd0840cf83c9f1603dcf0e8
1/14/24 11:14,1/14/24 11:16,0,166.198.174.101,100,92,1,1/14/24 11:16,R_332HRCFp56lwttH,,,,,33.5226,-86.8033,anonymous,EN,1,65024cab90e6c6c5d02c36fc,4,1,1,2,2,,1,,21,2,,1,14,65024cab90e6c6c5d02c36fc
1/14/24 11:13,1/14/24 11:16,0,50.21.204.214,100,176,1,1/14/24 11:16,R_3Fm0ffmiJ5aJ5AM,,,,,40.3658,-105.5142,anonymous,EN,1,659c192fdc3b72664db37dc4,4,1,1,2,2,,3,,32,4,,1,16,659c192fdc3b72664db37dc4
1/14/24 11:18,1/14/24 11:19,0,174.178.124.122,100,97,1,1/14/24 11:19,R_6w4z8UMwzBRdvFf,,,,,41.4388,-75.6125,anonymous,EN,1,5be5edc29907dd00013b241b,4,1,1,2,2,,5,,33,5,,1,17,5be5edc29907dd00013b241b
1/14/24 11:18,1/14/24 11:19,0,172.58.122.76,100,106,1,1/14/24 11:19,R_3ScOTmYemMkgxPy,,,,,42.437,-82.99,anonymous,EN,1,5d1b88dd6fb351001b70ae41,4,2,1,2,2,,3,,34,4,,1,22,5d1b88dd6fb351001b70ae41
1/14/24 11:17,1/14/24 11:19,0,73.136.233.188,100,177,1,1/14/24 11:19,R_3aysqdOz2HVtcfl,,,,,29.8203,-95.4256,anonymous,EN,1,659b022a91e97f5662907a19,4,2,1,2,2,,4,,21,3,,2,0,659b022a91e97f5662907a19
1/14/24 11:17,1/14/24 11:19,0,71.65.202.168,100,174,1,1/14/24 11:19,R_7QMkeBlzulsl28q,,,,,35.798,-78.3926,anonymous,EN,1,659c055dfc09a3452c04aacb,4,1,1,2,2,,3,,60,5,,1,35,659c055dfc09a3452c04aacb
1/14/24 11:18,1/14/24 11:20,0,52.124.39.249,100,91,1,1/14/24 11:20,R_7CksEwTH0BmqkMh,,,,,39.9914,-83.0034,anonymous,EN,1,61076ecdd55682c60fa80334,4,1,1,2,2,,3,,22,4,,1,6,61076ecdd55682c60fa80334
1/14/24 11:18,1/14/24 11:20,0,173.21.137.206,100,106,1,1/14/24 11:20,R_1rV127Vn4l9vejT,,,,,32.5304,-84.9316,anonymous,EN,1,6596b8c120bdef811e96c4ee,4,1,1,2,2,,3,,30,4,,1,15,6596b8c120bdef811e96c4ee
1/14/24 11:18,1/14/24 11:21,0,24.229.0.106,100,134,1,1/14/24 11:21,R_5freKCBpRRKQ2bc,,,,,40.5995,-75.3763,anonymous,EN,1,629e7dced036a8e839770049,4,2,1,2,2,,3,,38,3,,1,19,629e7dced036a8e839770049
1/14/24 11:18,1/14/24 11:21,0,136.34.141.123,100,159,1,1/14/24 11:21,R_7XiSVCRLZROITMB,,,,,38.8024,-94.4537,anonymous,EN,1,561df8af3d7fe8000a0f6347,4,2,2,2,2,,3,,27,4,,1,5,561df8af3d7fe8000a0f6347
1/14/24 11:20,1/14/24 11:21,0,68.105.88.251,100,65,1,1/14/24 11:21,R_5YhWuhTymVtv48g,,,,,33.2977,-117.1916,anonymous,EN,1,63fad8b20e532757a496f7f5,4,1,1,2,1,,2,,54,4,,1,38,63fad8b20e532757a496f7f5
1/14/24 11:20,1/14/24 11:22,0,206.55.176.12,100,95,1,1/14/24 11:22,R_6wtX52ZpvtbN52h,,,,,44.9834,-93.2622,anonymous,EN,1,63dc7c4191d5e30193f1db36,4,1,2,2,2,,3,,36,4,,1,20,63dc7c4191d5e30193f1db36
1/14/24 11:20,1/14/24 11:22,0,67.39.151.113,100,131,1,1/14/24 11:22,R_3QA7WTd0Zf7nkI6,,,,,33.06,-79.9992,anonymous,EN,1,611103a195267f1e967e7de1,4,2,1,2,2,,3,,29,4,,1,13,611103a195267f1e967e7de1
1/14/24 11:20,1/14/24 11:22,0,68.63.90.29,100,128,1,1/14/24 11:22,R_7OqqjR1YuA0rTO7,,,,,33.2,-87.56,anonymous,EN,1,5e3785d80d436271fbb1cf8e,4,1,1,2,1,,3,,26,3,,1,8,5e3785d80d436271fbb1cf8e
1/14/24 11:21,1/14/24 11:23,0,71.90.208.207,100,121,1,1/14/24 11:23,R_3LtfE9SO2YrjX1m,,,,,32.4581,-82.9366,anonymous,EN,1,6543af9f6bf3a9ab197a6d2f,4,1,1,2,1,,3,,32,1,,1,16,6543af9f6bf3a9ab197a6d2f
1/14/24 11:17,1/14/24 11:23,0,71.222.29.230,100,353,1,1/14/24 11:23,R_3ojWbPyI1gpDcMp,,,,,36.2038,-115.2255,anonymous,EN,1,5d633e6ea173fe0016e4ea95,4,1,1,2,2,,3,,61,5,,1,40,5d633e6ea173fe0016e4ea95
1/14/24 11:20,1/14/24 11:23,0,23.125.122.113,100,144,1,1/14/24 11:23,R_3HYLLoO8IO39XX7,,,,,32.7453,-117.2449,anonymous,EN,1,60fdc9ea6c9109303a1472d0,4,1,1,2,2,,3,,45,4,,1,30,60fdc9ea6c9109303a1472d0
1/14/24 11:22,1/14/24 11:23,0,96.237.166.98,100,65,1,1/14/24 11:23,R_7bNIZvthXfbury4,,,,,42.4571,-71.221,anonymous,EN,1,6560ca7bb947c4f10cf53c36,4,1,1,2,1,,2,,23,4,,1,7,6560ca7bb947c4f10cf53c36
1/14/24 11:22,1/14/24 11:23,0,73.165.32.236,100,81,1,1/14/24 11:23,R_7BbZgwCjBmgGJBD,,,,,39.934,-75.16,anonymous,EN,1,62385e34d5c3a3c82b3384e3,4,2,1,2,2,,3,,25,7,,1,7,62385e34d5c3a3c82b3384e3
1/14/24 11:22,1/14/24 11:23,0,156.146.191.233,100,69,1,1/14/24 11:23,R_5levVfQG5ib21MZ,,,,,32.3485,-97.3311,anonymous,EN,1,5cdad620eae6f70019d4e950,4,1,1,2,1,,3,,34,4,,1,16,5cdad620eae6f70019d4e950
1/14/24 11:22,1/14/24 11:24,0,174.170.49.110,100,91,1,1/14/24 11:24,R_75sUf2AqRWRGLrX,,,,,29.8973,-95.6463,anonymous,EN,1,607ba45a421d301d24cf252b,4,1,1,2,1,,3,,38,3,,1,20,607ba45a421d301d24cf252b
1/14/24 11:22,1/14/24 11:24,0,173.169.6.211,100,120,1,1/14/24 11:24,R_72Aug7rJZFHQL8B,,,,,28.9938,-82.4241,anonymous,EN,1,5f5bf9beef06253d2b621fc3,4,1,1,2,1,,3,,76,4,,1,62,5f5bf9beef06253d2b621fc3
1/14/24 11:23,1/14/24 11:24,0,174.228.104.236,100,74,1,1/14/24 11:24,R_1MijCJ5XGh3dzfM,,,,,41.779,-87.7789,anonymous,EN,1,659d58b6eff80ce23bc134ec,4,1,1,2,2,,3,,19,8,eighth grade,1,4,659d58b6eff80ce23bc134ec
1/14/24 11:23,1/14/24 11:24,0,71.238.98.252,100,65,1,1/14/24 11:24,R_7DegBIWGEKrkrme,,,,,45.4972,-122.6937,anonymous,EN,1,637e3bd17d67331429a15f63,4,1,2,2,1,,3,,37,4,,1,20,637e3bd17d67331429a15f63
1/14/24 11:23,1/14/24 11:25,0,73.73.248.20,100,107,1,1/14/24 11:25,R_6FJHXHPSxQ7iGoM,,,,,41.4711,-87.0898,anonymous,EN,1,63eaafd999beb9dc02d4529c,4,1,1,2,1,,3,,22,1,,1,5,63eaafd999beb9dc02d4529c
1/14/24 11:24,1/14/24 11:25,0,71.196.230.33,100,66,1,1/14/24 11:25,R_7DSIkaiI6l3zmVO,,,,,39.6796,-104.9626,anonymous,EN,1,60ff3a07d734239b4406270b,4,1,1,2,2,,3,,25,5,,1,10,60ff3a07d734239b4406270b
1/14/24 11:24,1/14/24 11:25,0,172.58.183.11,100,72,1,1/14/24 11:25,R_3EYZu8boO7EfDeA,,,,,32.8046,-97.1937,anonymous,EN,1,6310dbdfda69599720736665,4,1,1,2,2,,3,,33,5,,1,18,6310dbdfda69599720736665
1/14/24 11:24,1/14/24 11:26,0,97.112.226.84,100,83,1,1/14/24 11:26,R_7IREWD1UJc351YJ,,,,,31.1498,-85.369,anonymous,EN,1,6531556a109592dfa6b3bf00,4,1,2,2,1,,2,,32,1,,1,17,6531556a109592dfa6b3bf00
1/14/24 11:24,1/14/24 11:26,0,45.19.49.90,100,119,1,1/14/24 11:26,R_6ozoA2CtQ36SWEX,,,,,30.5034,-97.7494,anonymous,EN,1,65a2c5a441c74f5d31cc77a9,4,1,1,2,2,,3,,32,5,,1,16,65a2c5a441c74f5d31cc77a9
1/14/24 11:25,1/14/24 11:26,0,73.250.109.22,100,66,1,1/14/24 11:26,R_7vicFEHRArEZGcF,,,,,38.9779,-77.0806,anonymous,EN,1,5c4c7944cc16bc0001f96a18,4,1,1,2,2,,2,,31,4,,1,8,5c4c7944cc16bc0001f96a18
1/14/24 11:23,1/14/24 11:27,0,170.52.150.6,100,232,1,1/14/24 11:27,R_7jOKjKrn80LB1hn,,,,,33.0063,-79.6561,anonymous,EN,1,65a2a8828f947dba120531e9,4,1,1,2,2,,3,,64,5,,1,47,65a2a8828f947dba120531e9
1/14/24 11:24,1/14/24 11:27,0,76.183.148.89,100,166,1,1/14/24 11:27,R_50PAFHaC07I7pwx,,,,,32.9636,-96.7468,anonymous,EN,1,5af799f857516b0001412679,4,1,1,2,1,,3,,54,5,,1,39,5af799f857516b0001412679
1/14/24 11:26,1/14/24 11:27,0,184.182.15.199,100,91,1,1/14/24 11:27,R_1OeL6VAKYpVvMGt,,,,,33.6069,-112.2822,anonymous,EN,1,5f5c4b9c062e0f43a15ed050,4,1,1,2,1,,3,,30,4,,1,10,5f5c4b9c062e0f43a15ed050
1/14/24 11:26,1/14/24 11:27,0,174.29.74.225,100,72,1,1/14/24 11:27,R_1lWBX7OHkeka1cf,,,,,39.7067,-104.9694,anonymous,EN,1,5a0908427542890001aa6a0d,4,1,1,2,1,,3,,25,4,,1,9,5a0908427542890001aa6a0d
1/14/24 11:27,1/14/24 11:28,0,68.109.119.43,100,53,1,1/14/24 11:28,R_3i2RnvrHxHSSFHp,,,,,41.7241,-71.2657,anonymous,EN,1,5e0c0a7b6aab7c3fbeb4a644,4,1,1,2,2,,3,,28,5,,1,12,5e0c0a7b6aab7c3fbeb4a644
1/14/24 11:25,1/14/24 11:28,0,108.211.152.157,100,206,1,1/14/24 11:28,R_5MBaLZSKkufZisF,,,,,38.6664,-90.322,anonymous,EN,1,629546e640163d6d469ed3be,4,1,1,2,2,,3,,35,4,,2,0,629546e640163d6d469ed3be
1/14/24 11:27,1/14/24 11:28,0,68.40.229.176,100,107,1,1/14/24 11:28,R_3Sw7Pm90f8n51nt,,,,,42.3888,-83.1895,anonymous,EN,1,65a2fb7b297bacfcc92dcf73,4,2,1,2,2,,1,,28,5,,1,5,65a2fb7b297bacfcc92dcf73
1/14/24 11:25,1/14/24 11:28,0,172.56.104.119,100,207,1,1/14/24 11:28,R_5DluelMHe4dIugV,,,,,47.8534,-122.2438,anonymous,EN,1,60ae2fc5749d240eaf7db711,4,1,1,2,2,,3,,64,4,,1,46,60ae2fc5749d240eaf7db711
1/14/24 11:27,1/14/24 11:28,0,71.153.14.227,100,81,1,1/14/24 11:28,R_6s7uonecHfvs2TD,,,,,34.7726,-92.3544,anonymous,EN,1,65021e117f3d1ce2950f611c,4,1,1,2,1,,3,,36,4,,1,18,65021e117f3d1ce2950f611c
1/14/24 11:26,1/14/24 11:29,0,76.185.189.209,100,158,1,1/14/24 11:29,R_7QSlVo0Hgt0yYY8,,,,,29.4247,-98.4621,anonymous,EN,1,5b393581c49ecb00010a6693,4,1,1,2,2,,4,,23,1,,2,0,5b393581c49ecb00010a6693
1/14/24 11:26,1/14/24 11:29,0,184.58.171.36,100,148,1,1/14/24 11:29,R_52DQvVMXOqk8KEE,,,,,43.238,-87.9894,anonymous,EN,1,614e7196ef4fbb72f9a5223c,4,1,1,2,1,,3,,75,4,,1,57,614e7196ef4fbb72f9a5223c
1/14/24 11:27,1/14/24 11:29,0,67.173.3.93,100,140,1,1/14/24 11:29,R_55s6Fn5YFCOPPI5,,,,,42.1112,-88.0439,anonymous,EN,1,63d14c11579de2e56d854a67,4,1,1,2,1,,3,,40,3,,1,20,63d14c11579de2e56d854a67
1/14/24 11:28,1/14/24 11:29,0,104.32.237.128,100,49,1,1/14/24 11:29,R_6FdwZFdhsdkXhVD,,,,,34.1449,-118.3887,anonymous,EN,1,6108634ddb930ddc4b2b3eaf,4,1,1,2,2,,2,,25,4,,1,3,6108634ddb930ddc4b2b3eaf
1/14/24 11:28,1/14/24 11:29,0,67.10.234.195,100,53,1,1/14/24 11:29,R_7QKrLvC3UvHGfBm,,,,,33.0326,-96.7859,anonymous,EN,1,60fdc5c27df92fe62a07a0c3,4,1,1,2,2,,3,,33,4,,1,18,60fdc5c27df92fe62a07a0c3
1/14/24 11:29,1/14/24 11:29,0,47.196.113.13,100,47,1,1/14/24 11:29,R_1n2uoCyPd0egms0,,,,,27.9032,-82.2911,anonymous,EN,1,612d392b4ed3130794cc1eeb,4,1,1,2,2,,3,,20,3,,1,1,612d392b4ed3130794cc1eeb
1/14/24 11:28,1/14/24 11:30,0,174.109.116.12,100,79,1,1/14/24 11:30,R_5CIS7OTeZBiBK9c,,,,,36.0229,-78.9464,anonymous,EN,1,5966aae6d9e2860001b26dc7,4,1,1,2,2,,3,,53,5,,1,37,5966aae6d9e2860001b26dc7
1/14/24 11:27,1/14/24 11:30,0,104.177.68.16,100,151,1,1/14/24 11:30,R_6XFO1t9RXfOY3EB,,,,,41.3844,-81.7003,anonymous,EN,1,5cb56689b34d310018c83a8c,4,2,1,2,4,Agender,3,,50,3,,2,0,5cb56689b34d310018c83a8c
1/14/24 11:28,1/14/24 11:30,0,68.160.246.164,100,109,1,1/14/24 11:30,R_33xyZ5WVbJDZ8C6,,,,,40.7597,-73.981,anonymous,EN,1,65a2cc05c62b11ba4063de17,4,2,1,2,2,,5,,34,4,,1,18,65a2cc05c62b11ba4063de17
1/14/24 11:28,1/14/24 11:30,0,172.58.122.183,100,150,1,1/14/24 11:30,R_6exxvN3X3ZFXsKX,,,,,42.437,-82.99,anonymous,EN,1,655f8df86ffbc2fdac704c35,4,1,1,2,2,,1,,33,3,,1,15,655f8df86ffbc2fdac704c35
1/14/24 11:29,1/14/24 11:31,0,76.17.124.219,100,83,1,1/14/24 11:31,R_6EVUI2kfrEbLcdn,,,,,33.7485,-84.3871,anonymous,EN,1,615febe7e935b45f6123ff39,4,1,1,2,2,,2,,20,3,,1,4,615febe7e935b45f6123ff39
1/14/24 11:30,1/14/24 11:31,0,73.246.70.46,100,67,1,1/14/24 11:31,R_19qziVWLh7L3lXH,,,,,41.9211,-87.7032,anonymous,EN,1,5ad7c794c25ea000018848d1,4,1,1,2,2,,3,,34,5,,1,17,5ad7c794c25ea000018848d1
1/14/24 11:28,1/14/24 11:31,0,75.111.198.14,100,174,1,1/14/24 11:31,R_3ktWQfPJW3a7zEt,,,,,33.5119,-101.9316,anonymous,EN,1,5c65c10ff5ac570001b37b55,4,1,2,2,2,,3,,51,5,,1,35,5c65c10ff5ac570001b37b55
1/14/24 11:30,1/14/24 11:31,0,71.227.114.106,100,106,1,1/14/24 11:31,R_5d02EemnE8QOsYw,,,,,42.7287,-83.0279,anonymous,EN,1,60ff9cd547748ee90eea62fc,4,1,1,2,2,,3,,46,2,,1,30,60ff9cd547748ee90eea62fc
1/14/24 11:30,1/14/24 11:31,0,174.20.106.37,100,70,1,1/14/24 11:31,R_1Puq6Lkb2QfEQdy,,,,,45.0646,-93.3836,anonymous,EN,1,5e2e4482d5947f42d3d6d1fd,4,1,1,2,1,,3,,34,7,,1,18,5e2e4482d5947f42d3d6d1fd
1/14/24 11:29,1/14/24 11:32,0,73.230.77.235,100,148,1,1/14/24 11:32,R_5oz3Hva7uIQp5V2,,,,,40.3062,-76.8841,anonymous,EN,1,6598285ab2ef96d1e6aaceb2,4,1,1,2,2,,3,,32,5,,1,15,6598285ab2ef96d1e6aaceb2
1/14/24 11:31,1/14/24 11:32,0,75.174.147.112,100,71,1,1/14/24 11:32,R_5kQPn0OZfvxVfnb,,,,,43.6502,-116.4343,anonymous,EN,1,612fde55d251a3547b8e5766,4,1,1,2,1,,3,,30,7,,1,15,612fde55d251a3547b8e5766
1/14/24 11:31,1/14/24 11:32,0,172.118.44.213,100,82,1,1/14/24 11:32,R_6TTzfar5YgK0wsb,,,,,33.9277,-118.2034,anonymous,EN,1,64010e6753b93f44a1639224,4,1,1,2,1,,4,,28,3,,1,10,64010e6753b93f44a1639224
1/14/24 11:31,1/14/24 11:32,0,24.98.247.41,100,73,1,1/14/24 11:32,R_7Mmp0d4hrWYAi9x,,,,,34.024,-84.2396,anonymous,EN,1,5e8ce1a772724409e8ec0404,4,1,1,2,2,,2,,22,4,,1,6,5e8ce1a772724409e8ec0404
1/14/24 11:31,1/14/24 11:32,0,76.38.20.131,100,78,1,1/14/24 11:32,R_1dGPGrx2KCQ56zV,,,,,35.9825,-78.5376,anonymous,EN,1,5a5f9b73ac562400015436ce,4,1,1,2,2,,1,,35,3,,1,6,5a5f9b73ac562400015436ce
1/14/24 11:30,1/14/24 11:32,0,73.96.231.163,100,124,1,1/14/24 11:32,R_7mkkBnsyl2qvinN,,,,,44.6279,-123.0592,anonymous,EN,1,65341a6c299397c1a8ec0c44,4,1,1,2,2,,3,,39,5,,1,21,65341a6c299397c1a8ec0c44
1/14/24 11:31,1/14/24 11:32,0,173.54.17.180,100,101,1,1/14/24 11:32,R_7YFgn9pbZaWWg16,,,,,40.7873,-74.3211,anonymous,EN,1,6136c93fb606f28f56edc299,4,1,1,2,2,,2,,27,3,,2,0,6136c93fb606f28f56edc299
1/14/24 11:32,1/14/24 11:33,0,24.210.100.114,100,64,1,1/14/24 11:33,R_1dYAeInL78Sp32O,,,,,42.0751,-80.1464,anonymous,EN,1,60255901704fd208ecdcf32b,4,1,1,2,1,,4,,25,8,some high school,2,0,60255901704fd208ecdcf32b
1/14/24 11:30,1/14/24 11:33,0,75.211.94.74,100,183,1,1/14/24 11:33,R_7SIa9VDu2iXNHH3,,,,,42.0728,-88.1089,anonymous,EN,1,65a05a86e68d1344f3d2b080,4,2,2,2,2,,3,,64,7,,1,49,65a05a86e68d1344f3d2b080
1/14/24 11:32,1/14/24 11:33,0,174.202.224.119,100,76,1,1/14/24 11:33,R_7lz6ojym12zPtlK,,,,,29.8284,-95.4696,anonymous,EN,1,5e772247e977a228b7f62f86,4,1,2,2,2,,5,,31,1,,2,3,5e772247e977a228b7f62f86
1/14/24 11:33,1/14/24 11:33,0,69.140.203.68,100,40,1,1/14/24 11:33,R_1PHkJuSoZqlhFgR,,,,,39.3178,-76.5717,anonymous,EN,1,611688156f6d22853511ffb3,4,1,1,2,1,,3,,22,1,,1,2,611688156f6d22853511ffb3
1/14/24 11:32,1/14/24 11:34,0,107.218.191.35,100,84,1,1/14/24 11:34,R_3TBFsvlW0nQRdHI,,,,,41.141,-81.4768,anonymous,EN,1,63b9c4596fd2a165a71d673e,4,1,1,2,1,,2,,28,4,,1,12,63b9c4596fd2a165a71d673e
1/14/24 11:32,1/14/24 11:34,0,68.99.85.197,100,130,1,1/14/24 11:34,R_5rJ5tbbovhImxhn,,,,,33.5988,-111.8795,anonymous,EN,1,5c7d88ba719aaf00019fff48,4,1,1,2,1,,3,,49,1,,1,26,5c7d88ba719aaf00019fff48
1/14/24 11:33,1/14/24 11:34,0,70.179.84.125,100,83,1,1/14/24 11:34,R_7Mz1KnfVosxN4Lc,,,,,37.6687,-97.2217,anonymous,EN,1,65612c740332ed1f2ed8bb01,4,1,2,2,2,,2,,30,3,,1,15,65612c740332ed1f2ed8bb01
1/14/24 11:32,1/14/24 11:34,0,73.153.61.91,100,120,1,1/14/24 11:34,R_3ooOzNFMuTcV0RZ,,,,,39.6663,-104.8343,anonymous,EN,1,631b67a3f82c28fb8ac2ac35,4,1,1,2,1,,2,,40,4,,1,24,631b67a3f82c28fb8ac2ac35
1/14/24 11:32,1/14/24 11:34,0,47.6.237.171,100,124,1,1/14/24 11:34,R_3IZPrAhgByiryMh,,,,,46.2532,-119.2864,anonymous,EN,1,60d4deef827cfdc285b5072e,4,1,1,2,1,,3,,47,3,,1,26,60d4deef827cfdc285b5072e
1/14/24 11:30,1/14/24 11:34,0,70.177.198.35,100,246,1,1/14/24 11:34,R_3gMIx0E8a7dmrYw,,,,,36.7646,-76.3408,anonymous,EN,1,578e195416020100010400f4,4,1,2,2,2,,3,,57,4,,1,40,578e195416020100010400f4
1/14/24 11:33,1/14/24 11:35,0,97.84.60.114,100,134,1,1/14/24 11:35,R_3y9MIRJ4DDuqduG,,,,,34.1758,-86.829,anonymous,EN,1,6294f80c6a396f99a0eebbda,4,2,1,2,1,,3,,36,1,,1,20,6294f80c6a396f99a0eebbda
1/14/24 11:33,1/14/24 11:35,0,75.106.63.87,100,117,1,1/14/24 11:35,R_1X0Z4SZLDYbC4LG,,,,,28.6344,-81.6221,anonymous,EN,1,6597f690c74785b864bfadcc,4,2,1,2,2,,3,,41,2,,1,8,6597f690c74785b864bfadcc
1/14/24 11:33,1/14/24 11:35,0,69.130.240.122,100,118,1,1/14/24 11:35,R_34eEHK1NSt0RJw3,,,,,43.103,-89.5073,anonymous,EN,1,5adf874e066c510001d454f5,4,1,1,2,2,,3,,44,5,,1,25,5adf874e066c510001d454f5
1/14/24 11:34,1/14/24 11:35,0,50.113.44.53,100,102,1,1/14/24 11:35,R_7ktsEvYSxc97zQ4,,,,,21.3133,-157.823,anonymous,EN,1,58c3a8c1b101a70001293790,4,1,1,2,2,,2,,58,3,,1,30,58c3a8c1b101a70001293790
1/14/24 11:34,1/14/24 11:35,0,73.34.244.169,100,74,1,1/14/24 11:35,R_5e9QwBAlhiqYpWs,,,,,39.9038,-104.9419,anonymous,EN,1,6286dbcfd2c4df2243f52065,4,1,1,2,1,,3,,38,5,,1,22,6286dbcfd2c4df2243f52065
1/14/24 11:35,1/14/24 11:35,0,96.253.111.249,100,49,1,1/14/24 11:35,R_3ettJuLUbWhDbIA,,,,,37.431,-77.6554,anonymous,EN,1,5589a2ddfdf99b7ae47f60ed,4,1,1,2,1,,3,,38,3,,1,22,5589a2ddfdf99b7ae47f60ed
1/14/24 11:35,1/14/24 11:35,0,108.56.187.148,100,48,1,1/14/24 11:35,R_1FKRGP1AcSxYqX5,,,,,38.7679,-77.4534,anonymous,EN,1,5ca4d7e75d545300110b7545,4,1,2,2,2,,2,,24,4,,1,2,5ca4d7e75d545300110b7545
1/14/24 11:31,1/14/24 11:35,0,107.77.236.90,100,287,1,1/14/24 11:35,R_7Hjz9AqWWpSQhSi,,,,,37.751,-97.822,anonymous,EN,1,5aad9c53c4914b0001a39659,4,1,1,2,2,,3,,47,5,,1,25,5aad9c53c4914b0001a39659
1/14/24 11:32,1/14/24 11:36,0,65.60.153.5,100,194,1,1/14/24 11:36,R_10tWIImqZ0frhZf,,,,,40.0337,-83.1319,anonymous,EN,1,5e3461bd8ec4fc0230fef43a,4,1,1,2,1,,3,,75,4,,1,59,5e3461bd8ec4fc0230fef43a
1/14/24 11:34,1/14/24 11:36,0,174.215.219.220,100,100,1,1/14/24 11:36,R_3096bz9C5AbHI4J,,,,,43.0708,-76.4549,anonymous,EN,1,655386dc470f6217a78fec03,4,1,1,2,2,,3,,41,3,,1,22,655386dc470f6217a78fec03
1/14/24 11:35,1/14/24 11:36,0,96.28.97.112,100,64,1,1/14/24 11:36,R_60SRQ7LPbaV69Ya,,,,,38.9924,-84.6462,anonymous,EN,1,62b068bbd9bcb120d812de65,4,1,1,2,2,,3,,28,1,,1,12,62b068bbd9bcb120d812de65
1/14/24 11:35,1/14/24 11:37,0,75.115.29.153,100,117,1,1/14/24 11:37,R_7eOxs9JlJD7eSnT,,,,,27.8171,-82.6268,anonymous,EN,1,653bba96eaa495abf05df215,4,1,1,2,1,,3,,60,5,,1,44,653bba96eaa495abf05df215
1/14/24 11:34,1/14/24 11:37,0,107.127.21.89,100,157,1,1/14/24 11:37,R_7sykG5GBA5nMoRF,,,,,33.4475,-112.0866,anonymous,EN,1,606df53de4b0550a5f42fefe,4,1,1,2,1,,4,,37,3,,1,15,606df53de4b0550a5f42fefe
1/14/24 11:35,1/14/24 11:37,0,174.18.37.79,100,117,1,1/14/24 11:37,R_5meefJV6TPcLV2L,,,,,32.185,-110.8171,anonymous,EN,1,62db005bae68d37fe24b50da,4,1,1,2,4,nonbinary,3,,34,4,,1,14,62db005bae68d37fe24b50da
1/14/24 11:36,1/14/24 11:37,0,172.58.11.77,100,76,1,1/14/24 11:37,R_3IhoKLCS2uef2yl,,,,,44.9834,-93.2622,anonymous,EN,1,61029b5dadd1e9cf8ee002ab,4,2,1,2,2,,3,,24,6,,1,8,61029b5dadd1e9cf8ee002ab
1/14/24 11:36,1/14/24 11:37,0,76.232.33.124,100,81,1,1/14/24 11:37,R_6F5rQBP0Zbdhkc1,,,,,39.9881,-83.0479,anonymous,EN,1,610870dc33a6fb5453f142b0,4,2,1,2,2,,3,,24,3,,1,7,610870dc33a6fb5453f142b0
1/14/24 11:35,1/14/24 11:37,0,174.218.81.130,100,121,1,1/14/24 11:37,R_3y3kwpF0Qv3wgzc,,,,,34.0447,-118.2946,anonymous,EN,1,651b249337102ada9fee4951,4,1,1,2,2,,4,,38,2,,1,20,651b249337102ada9fee4951
1/14/24 11:36,1/14/24 11:37,0,35.148.96.27,100,76,1,1/14/24 11:37,R_7l6QalfMlzGMcx1,,,,,43.0344,-89.5007,anonymous,EN,1,6164f0d4bcacb419327b7f91,4,1,2,2,1,,3,,26,4,,1,8,6164f0d4bcacb419327b7f91
1/14/24 11:36,1/14/24 11:37,0,73.118.201.136,100,83,1,1/14/24 11:37,R_6OiveuLOISvq2Lz,,,,,47.4448,-122.1194,anonymous,EN,1,5e4a1337aabe8747b041692c,4,1,1,2,1,,3,,32,3,,1,18,5e4a1337aabe8747b041692c
1/14/24 11:36,1/14/24 11:38,0,160.2.0.150,100,95,1,1/14/24 11:38,R_7o0GZSuqtgYMmdF,,,,,34.6537,-99.3252,anonymous,EN,1,60cf3e11d99a3eed26785caf,4,1,1,2,1,,4,,47,4,,1,31,60cf3e11d99a3eed26785caf
1/14/24 11:36,1/14/24 11:38,0,70.177.184.4,100,127,1,1/14/24 11:38,R_6lsuGMbzrJnLwRf,,,,,32.2728,-110.7659,anonymous,EN,1,5f3f0938d81eba1e56fa6f93,4,1,1,2,1,,3,,41,4,,1,15,5f3f0938d81eba1e56fa6f93
1/14/24 11:35,1/14/24 11:38,0,73.247.215.7,100,183,1,1/14/24 11:38,R_3EEiOVe8aLH6JU5,,,,,42.0094,-87.8354,anonymous,EN,1,5d2f873b30c8e30016bf0f1d,4,1,1,2,1,,2,,22,4,,1,6,5d2f873b30c8e30016bf0f1d
1/14/24 11:37,1/14/24 11:38,0,98.242.32.16,100,68,1,1/14/24 11:38,R_1U8BMjQwRiEHM6B,,,,,38.6711,-121.1495,anonymous,EN,1,61026cadb23cf6dca7e0c12e,4,1,1,2,2,,2,,26,4,,1,8,61026cadb23cf6dca7e0c12e
1/14/24 11:36,1/14/24 11:38,0,24.61.26.105,100,115,1,1/14/24 11:38,R_5mtwwojMLeATqXT,,,,,42.8848,-73.191,anonymous,EN,1,5c72f069cf5c4b000197cc30,4,1,1,2,2,,3,,38,5,,1,15,5c72f069cf5c4b000197cc30
1/14/24 11:30,1/14/24 11:38,0,64.148.242.46,100,483,1,1/14/24 11:38,R_1rGzJjm19i2KXD4,,,,,29.5652,-98.6145,anonymous,EN,1,65a058c13769279b830a5181,3,1,2,1,1,,3,,60,4,,1,43,65a058c13769279b830a5181
1/14/24 11:37,1/14/24 11:39,0,73.36.37.78,100,84,1,1/14/24 11:39,R_1wyvT0tFKA9k55q,,,,,41.3693,-88.4179,anonymous,EN,1,6547d2f1f53f11ae40ae3e54,4,1,1,2,2,,3,,38,5,,1,22,6547d2f1f53f11ae40ae3e54
1/14/24 11:37,1/14/24 11:39,0,99.67.184.50,100,125,1,1/14/24 11:39,R_1VEDrhJanHGw6fH,,,,,39.6438,-84.1743,anonymous,EN,1,5f485065df39043089194d8e,4,1,2,2,2,,3,,35,4,,1,19,5f485065df39043089194d8e
1/14/24 11:34,1/14/24 11:39,0,172.88.73.91,100,271,1,1/14/24 11:39,R_3TE7W0cLl1KUQF3,,,,,32.9661,-117.1202,anonymous,EN,1,659adacdf086ca557624a3ee,4,1,1,2,2,,2,,47,3,,1,30,659adacdf086ca557624a3ee
1/14/24 11:38,1/14/24 11:39,0,70.18.243.85,100,53,1,1/14/24 11:39,R_50w8UUndEgM4UZF,,,,,38.93,-77.35,anonymous,EN,1,65a3efd5724eff2124161ec6,4,1,2,2,1,,5,,20,3,,2,0,65a3efd5724eff2124161ec6
1/14/24 11:37,1/14/24 11:39,0,73.8.130.214,100,98,1,1/14/24 11:39,R_5n3OSydw0UoSyd3,,,,,39.7647,-89.7379,anonymous,EN,1,5c7070519f9392000150023c,4,2,1,2,2,,3,,51,3,,1,35,5c7070519f9392000150023c
1/14/24 11:37,1/14/24 11:39,0,172.58.132.49,100,104,1,1/14/24 11:39,R_7s0v5ENOV8dVAzD,,,,,25.8502,-80.2367,anonymous,EN,1,6568ffef59f114b386a7ad7d,4,1,1,2,2,,4,,25,3,,1,10,6568ffef59f114b386a7ad7d
1/14/24 11:35,1/14/24 11:39,0,108.71.4.201,100,246,1,1/14/24 11:39,R_6trn2dGVwHPeRhr,,,,,38.2634,-85.673,anonymous,EN,1,6046bec14fccab12104be674,4,1,1,2,2,,3,,30,4,,1,15,6046bec14fccab12104be674
1/14/24 11:36,1/14/24 11:40,0,76.36.126.5,100,237,1,1/14/24 11:40,R_62vMkBB7snScA9z,,,,,33.862,-79.7425,anonymous,EN,1,62d353684494ab8119aa42d8,4,1,1,2,2,,3,,65,4,,1,50,62d353684494ab8119aa42d8
1/14/24 11:38,1/14/24 11:40,0,104.5.110.170,100,104,1,1/14/24 11:40,R_1BFl5Gt0pw25X5D,,,,,36.213,-86.3011,anonymous,EN,1,5e7c37e8d81d732734082488,4,1,1,2,1,,3,,39,2,,2,23,5e7c37e8d81d732734082488
1/14/24 11:40,1/14/24 11:40,0,73.142.180.115,100,21,1,1/14/24 11:40,R_62bs7LcvnlrxwQG,,,,,42.2904,-71.0712,anonymous,EN,1,60160e35164d0579983e8d12,1,2,,,,,,,,,,,,60160e35164d0579983e8d12
1/14/24 11:39,1/14/24 11:40,0,98.229.94.145,100,71,1,1/14/24 11:40,R_5qPRirl3NPTakaR,,,,,41.6339,-70.9406,anonymous,EN,1,63e527c0f1126787252598ea,4,1,1,2,2,,3,,27,3,,1,10,63e527c0f1126787252598ea
1/14/24 11:39,1/14/24 11:40,0,174.214.49.150,100,94,1,1/14/24 11:40,R_3EseUpITo1bzsdJ,,,,,39.2051,-85.9324,anonymous,EN,1,659c016b692539d68aef0527,4,1,1,2,2,,3,,31,1,,1,7,659c016b692539d68aef0527
1/14/24 11:40,1/14/24 11:40,0,47.145.206.236,100,44,1,1/14/24 11:40,R_6Xtvw1HWsS7xb6V,,,,,33.9776,-117.7375,anonymous,EN,1,5ff21e8299e7cf6d2d1a7f13,4,1,1,2,1,,2,,29,5,,1,12,5ff21e8299e7cf6d2d1a7f13
1/14/24 11:37,1/14/24 11:40,0,172.59.209.206,100,193,1,1/14/24 11:40,R_5E6t1Z2nda84ePf,,,,,40.7418,-74.2236,anonymous,EN,1,65a2cd1b1d1724a7eba41cd3,4,1,1,2,1,,3,,64,4,,1,48,65a2cd1b1d1724a7eba41cd3
1/14/24 11:39,1/14/24 11:41,0,96.32.111.223,100,70,1,1/14/24 11:41,R_12EOtM00lL9TxbZ,,,,,34.7518,-82.2556,anonymous,EN,1,65a3e928f0287bdcaf292d7d,4,2,1,2,2,,3,,41,5,,1,25,65a3e928f0287bdcaf292d7d
1/14/24 11:39,1/14/24 11:41,0,162.247.107.193,100,94,1,1/14/24 11:41,R_71vbxazHLEhi2bw,,,,,38.2821,-77.1306,anonymous,EN,1,5ac293ef9534ba0001c726f0,4,1,1,2,2,,3,,31,4,,1,15,5ac293ef9534ba0001c726f0
1/14/24 11:38,1/14/24 11:41,0,98.17.114.180,100,173,1,1/14/24 11:41,R_3RV4e6LMPVgMcGe,,,,,40.1846,-76.3015,anonymous,EN,1,5d1c006ac2696c0019647572,4,2,1,2,2,,3,,59,3,,1,42,5d1c006ac2696c0019647572
1/14/24 11:39,1/14/24 11:41,0,108.255.106.83,100,87,1,1/14/24 11:41,R_3FeUkBqJdGW9YIh,,,,,33.6139,-84.0657,anonymous,EN,1,5fb9c7061f7e248d487da99b,4,1,1,2,1,,3,,32,3,,1,12,5fb9c7061f7e248d487da99b
1/14/24 11:39,1/14/24 11:41,0,76.184.106.72,100,82,1,1/14/24 11:41,R_6HFxKp3TufAOIWL,,,,,32.9473,-96.7028,anonymous,EN,1,65a3f912ff22f2a843567d78,4,2,2,2,1,,2,,19,3,,1,3,65a3f912ff22f2a843567d78
1/14/24 11:39,1/14/24 11:41,0,134.228.193.168,100,124,1,1/14/24 11:41,R_70Njv6Lq0GrqJpv,,,,,41.5798,-83.666,anonymous,EN,1,63ceebf3f8f0a415bc348bc0,4,2,1,2,2,,3,,58,4,,1,42,63ceebf3f8f0a415bc348bc0
1/14/24 11:40,1/14/24 11:41,0,75.89.59.198,100,67,1,1/14/24 11:41,R_7fdyT5VyOWK0K3h,,,,,35.0422,-83.783,anonymous,EN,1,629669ab8371b1bb06603a78,4,1,1,2,1,,3,,19,3,,1,2,629669ab8371b1bb06603a78
1/14/24 11:39,1/14/24 11:41,0,107.192.157.244,100,124,1,1/14/24 11:41,R_5x7BXuy5iFeFwv7,,,,,32.8266,-96.7888,anonymous,EN,1,612d576fd75b6c46b4cefc6e,4,1,1,2,1,,3,,50,4,,1,34,612d576fd75b6c46b4cefc6e
1/14/24 11:39,1/14/24 11:41,0,68.83.24.200,100,135,1,1/14/24 11:41,R_334tZSOuX94GW6q,,,,,39.8952,-75.0347,anonymous,EN,1,5efe6daf6a2551378201893e,4,1,1,2,1,,3,,52,3,,1,32,5efe6daf6a2551378201893e
1/14/24 11:40,1/14/24 11:41,0,136.52.140.193,100,94,1,1/14/24 11:41,R_6nfxHdX0RDGBwJz,,,,,33.7015,-117.7528,anonymous,EN,1,629e240d15c1ee22dbcdfd1f,4,2,1,2,1,,3,,42,5,,1,16,629e240d15c1ee22dbcdfd1f
1/14/24 11:40,1/14/24 11:41,0,64.189.140.47,100,76,1,1/14/24 11:41,R_7eeVF9B507NafN7,,,,,36.3003,-82.3755,anonymous,EN,1,6307a60f9142d2c42021840d,4,1,2,2,1,,3,,20,3,,1,4,6307a60f9142d2c42021840d
1/14/24 11:40,1/14/24 11:41,0,67.177.203.83,100,81,1,1/14/24 11:41,R_5ziQh1zwaeEVnxY,,,,,39.7593,-104.9651,anonymous,EN,1,60fd78cb439f85c6a297f44e,4,1,1,2,2,,3,,26,4,,1,10,60fd78cb439f85c6a297f44e
1/14/24 11:39,1/14/24 11:41,0,141.151.11.15,100,129,1,1/14/24 11:41,R_76gL2jxfOBupknD,,,,,39.715,-75.6178,anonymous,EN,1,6400e151cebcc86e3894ebc8,4,1,1,2,4,nonbinary,3,,19,1,,2,0,6400e151cebcc86e3894ebc8
1/14/24 11:40,1/14/24 11:42,0,172.59.226.249,100,108,1,1/14/24 11:42,R_3g11ElH2bbwoyP0,,,,,39.642,-104.8958,anonymous,EN,1,5dd7b300a71de875640dc574,4,1,1,2,1,,3,,50,4,,1,34,5dd7b300a71de875640dc574
1/14/24 11:39,1/14/24 11:42,0,100.16.134.238,100,175,1,1/14/24 11:42,R_5NmDnabSPryvE8f,,,,,39.4527,-76.8152,anonymous,EN,1,650106fa844799cb0bead2d3,4,1,1,2,2,,1,,36,7,,1,8,650106fa844799cb0bead2d3
1/14/24 11:40,1/14/24 11:42,0,166.182.253.158,100,150,1,1/14/24 11:42,R_3NkLyt7aIlJL93S,,,,,35.2296,-80.843,anonymous,EN,1,65982de9b182a3aab72e3a5c,4,1,1,2,2,,3,,37,1,,1,18,65982de9b182a3aab72e3a5c
1/14/24 11:40,1/14/24 11:43,0,98.57.253.239,100,221,1,1/14/24 11:43,R_10o6W5FxALGbl2A,,,,,29.8478,-95.6599,anonymous,EN,1,65941afdb114d0227b22ff97,4,1,1,2,2,,3,,50,5,,1,34,65941afdb114d0227b22ff97
1/14/24 11:40,1/14/24 11:44,0,73.97.215.135,100,210,1,1/14/24 11:44,R_72yScNZdrIYCPSN,,,,,48.7494,-122.4896,anonymous,EN,1,63619eb02e5bd8f4f7bd138a,4,1,1,2,1,,3,,26,1,,1,4,63619eb02e5bd8f4f7bd138a
1/14/24 11:39,1/14/24 11:49,0,50.44.70.204,100,582,1,1/14/24 11:49,R_765MQ1fG6NfpCWA,,,,,39.7343,-90.2291,anonymous,EN,1,58ee9e2e6eec530001c2889d,4,1,2,2,2,,3,,44,3,,1,30,58ee9e2e6eec530001c2889d
1/14/24 11:37,1/14/24 11:50,0,98.220.6.181,100,781,1,1/14/24 11:50,R_3yrBiDzLkS0qNN8,,,,,41.6538,-86.1631,anonymous,EN,1,6582ffd23caaad035e4eb19c,4,1,1,2,2,,3,,60,3,,1,41,6582ffd23caaad035e4eb19c
1/14/24 12:00,1/14/24 12:01,0,68.202.92.39,100,80,1,1/14/24 12:01,R_77BxKeTKAdFzciC,,,,,28.5815,-81.485,anonymous,EN,1,60be09fe05b5adf03149a85f,4,1,1,2,2,,3,,42,3,,1,24,60be09fe05b5adf03149a85f
1/14/24 12:15,1/14/24 12:16,0,76.141.45.54,100,73,1,1/14/24 12:16,R_7WOHQyR7MiefQ9K,,,,,41.8957,-87.9435,anonymous,EN,1,60fded771d362f0624a42a38,4,1,1,2,1,,3,,30,4,,1,14,60fded771d362f0624a42a38